slot,propuneri,k,creat_la
2026-04-29 23:00,12 3 13 8 5 20 2,7,2026-09-30 14:05
2026-04-30 07:00,5 2 4 20 16 15 19,7,2026-09-30 14:16
2026-04-30 08:00,2 16 5 13 20 18 12,7,2026-09-30 14:17
2026-04-30 09:00,2 16 8 6 10 11 7,7,2026-09-30 14:19
2026-04-30 10:00,11 2 8 7 13 20 14,7,2026-09-30 14:20
2026-04-30 11:00,19 20 13 10 3 2 15,7,2026-09-30 14:21
2026-04-30 12:00,2 8 5 18 13 6 17,7,2026-09-30 14:22
2026-04-30 13:00,5 3 2 11 19 15 6,7,2026-09-30 14:23
2026-04-30 14:00,17 8 5 15 11 20 6,7,2026-09-30 14:24
2026-04-30 15:00,20 18 2 19 14 3 4,7,2026-09-30 14:25
2026-04-30 16:00,8 6 14 7 19 15 5,7,2026-09-30 14:25
2026-04-30 17:00,2 13 20 10 5 3 11,7,2026-09-30 14:26
2026-04-30 18:00,6 5 2 20 18 17 1,7,2026-09-30 14:27
2026-04-30 19:00,2 19 14 13 11 6 5,7,2026-09-30 14:28
2026-04-30 20:00,5 13 6 19 8 11 3,7,2026-09-30 14:29
2026-04-30 21:00,2 6 8 12 17 19 14,7,2026-09-30 14:29
2026-04-30 22:00,13 10 2 8 14 3 5,7,2026-09-30 14:30
2026-04-30 23:00,2 6 8 5 20 12 19,7,2026-09-30 14:31
2026-05-01 07:00,2 5 1 13 11 6 17,7,2026-09-30 18:11
2026-05-01 08:00,16 6 2 8 20 12 5,7,2026-09-30 18:14
2026-05-01 09:00,2 8 5 13 16 18 6,7,2026-09-30 18:16
2026-05-01 10:00,16 15 13 20 12 2 8,7,2026-09-30 18:18
2026-05-01 11:00,6 2 19 13 20 5 10,7,2026-09-30 18:19
2026-05-01 12:00,16 2 8 15 13 6 7,7,2026-09-30 18:21
2026-05-01 13:00,5 2 7 6 13 3 4,7,2026-09-30 18:23
2026-05-01 14:00,2 8 14 6 17 7 15,7,2026-09-30 18:25
2026-05-01 15:00,2 13 5 18 4 19 6,7,2026-09-30 18:27
2026-05-01 16:00,16 6 2 11 17 19 8,7,2026-09-30 18:42
2026-05-01 17:00,13 2 3 5 8 20 15,7,2026-09-30 18:47
2026-05-01 18:00,8 6 20 3 2 5 17,7,2026-09-30 18:48
2026-05-01 19:00,11 2 6 5 8 20 10,7,2026-09-30 18:50
2026-05-01 20:00,2 13 20 8 16 5 19,7,2026-09-30 18:52
2026-05-01 21:00,17 8 2 6 3 19 18,7,2026-09-30 19:04
2026-05-01 22:00,8 5 2 18 13 16 6,7,2026-09-30 19:06
2026-05-01 23:00,2 20 13 5 19 4 3,7,2026-09-30 19:07
2026-05-02 07:00,2 6 15 1 20 7 10,7,2026-10-01 05:34
2026-05-02 08:00,13 15 2 8 3 5 16 20 1,9,2026-10-01 10:42
2026-05-02 09:00,2 8 3 13 4 5 16 11 6,9,2026-10-01 10:51
2026-05-02 10:00,2 13 4 11 17 20 5 8 14,9,2026-10-01 10:52
2026-05-02 11:00,2 19 6 20 7 13 10 12 11,9,2026-10-01 10:53
2026-05-02 12:00,2 13 8 19 5 3 7 12 6,9,2026-10-01 10:54
2026-05-02 13:00,20 3 8 15 2 5 14 10 13,9,2026-10-01 10:56
2026-05-02 14:00,17 2 5 3 13 20 6 15 8,9,2026-10-01 11:02
2026-05-02 15:00,13 2 15 3 14 20 6 7 18,9,2026-10-01 11:03
2026-05-02 16:00,18 5 19 17 6 2 13 12 11,9,2026-10-01 11:12
2026-05-02 17:00,15 3 17 1 11 2 12 6 14,9,2026-10-01 11:14
2026-05-02 18:00,11 8 5 20 6 15 10 7 17,9,2026-10-01 11:16
2026-05-02 19:00,2 13 6 11 7 14 8 17 5,9,2026-10-01 11:18
2026-05-02 20:00,2 5 13 20 19 8 6 3 16,9,2026-10-01 11:19
2026-05-02 21:00,15 8 17 11 3 7 13 2 20,9,2026-10-01 11:20
2026-05-02 22:00,2 16 5 8 4 13 3 11 6,9,2026-10-01 11:21
2026-05-02 23:00,5 2 13 20 16 8 11 7 17,9,2026-10-01 11:21
2026-05-03 07:00,2 6 20 15 3 11 13 14 17,9,2026-10-01 11:25
2026-05-03 08:00,20 8 5 15 3 4 17 18 19,9,2026-10-01 13:31
2026-05-03 09:00,2 5 13 18 10 4 11 8 3,9,2026-10-01 13:32
2026-05-03 10:00,2 11 8 14 13 20 15 7 19,9,2026-10-01 13:33
2026-05-03 11:00,13 3 20 15 2 7 6 8 5,9,2026-10-01 13:34
2026-05-03 12:00,19 17 2 18 13 3 4 1 5,9,2026-10-01 13:40
2026-05-03 13:00,5 13 10 14 3 2 4 11 20,9,2026-10-01 13:41
2026-05-03 14:00,17 2 18 6 20 16 11 3 8,9,2026-10-01 13:41
2026-05-03 15:00,13 18 19 5 2 20 15 11 6,9,2026-10-01 13:42
2026-05-03 16:00,10 13 2 15 6 18 16 17 20,9,2026-10-01 13:43
2026-05-03 17:00,13 15 2 5 12 1 4 8 11,9,2026-10-01 13:44
2026-05-03 18:00,3 6 15 8 17 13 19 20 11,9,2026-10-01 13:46
2026-05-03 19:00,2 7 8 11 5 15 1 20 19,9,2026-10-01 13:48
2026-05-03 20:00,13 17 6 2 18 15 3 1 11,9,2026-10-01 13:49
2026-05-03 21:00,2 6 8 13 11 5 17 12 18,9,2026-10-01 13:50
2026-05-03 22:00,5 18 7 8 10 14 1 19 11,9,2026-10-01 13:51
2026-05-03 23:00,13 2 17 3 15 18 6 4 20,9,2026-10-01 13:53
2026-05-04 07:00,20 6 13 7 8 18 2 12 11,9,2026-10-01 13:54
2026-05-04 08:00,13 5 18 4 3 8 2 17 19,9,2026-10-01 13:56
2026-05-04 09:00,2 4 16 8 11 3 6 20 19,9,2026-10-01 13:57
2026-05-04 10:00,7 2 8 11 14 15 5 20 13,9,2026-10-01 13:58
2026-05-04 11:00,7 8 19 20 10 18 11 13 15,9,2026-10-01 13:59
2026-05-04 12:00,13 2 12 5 15 17 8 16 14,9,2026-10-01 14:01
2026-05-04 13:00,13 10 2 5 8 7 6 20 3,9,2026-10-01 14:03
2026-05-04 14:00,8 6 20 7 5 18 15 13 17,9,2026-10-01 14:04
2026-05-04 15:00,18 5 19 20 13 14 6 3 2,9,2026-10-01 14:05
2026-05-04 16:00,6 11 8 15 14 20 7 17 2,9,2026-10-01 14:05
2026-05-04 17:00,5 20 13 19 1 2 8 4 11,9,2026-10-01 18:15
2026-05-04 18:00,2 20 6 17 5 11 8 15 3,9,2026-10-01 18:18
2026-05-04 19:00,8 17 2 15 6 1 7 20 5,9,2026-10-01 18:19
2026-05-04 20:00,16 8 2 6 17 3 19 12 20,9,2026-10-01 18:23
2026-05-04 21:00,13 17 8 6 11 19 2 15 5,9,2026-10-01 18:24
2026-05-04 22:00,8 2 6 7 19 11 3 10 20,9,2026-10-01 18:26
2026-05-04 23:00,20 5 2 3 17 9 13 8 4,9,2026-10-01 18:27
2026-05-05 07:00,8 13 15 20 17 10 2 5 7,9,2026-10-01 18:28
2026-05-05 08:00,19 17 18 13 3 11 4 5 2,9,2026-10-01 18:30
2026-05-05 09:00,4 8 20 5 11 14 7 16 3,9,2026-10-01 18:32
2026-05-05 10:00,17 14 15 19 13 2 20 11 5,9,2026-10-01 18:33
2026-05-05 11:00,5 20 19 8 2 13 11 15 6,9,2026-10-01 18:34
2026-05-05 12:00,2 17 7 13 14 8 5 20 6,9,2026-10-01 18:35
2026-05-05 13:00,5 2 20 13 3 17 4 16 14,9,2026-10-01 18:37
2026-05-05 14:00,17 2 13 15 5 20 3 12 8,9,2026-10-01 18:39
2026-05-05 15:00,13 20 3 5 17 2 8 7 14,9,2026-10-01 18:40
2026-05-05 16:00,19 13 17 18 11 2 5 3 15,9,2026-10-01 18:42
2026-05-05 17:00,20 1 17 3 5 2 8 15 6,9,2026-10-01 18:45
2026-05-05 18:00,11 20 17 2 8 14 7 3 13,9,2026-10-01 18:46
2026-05-05 19:00,2 5 7 11 17 6 19 13 12,9,2026-10-01 18:48
2026-05-05 20:00,8 13 6 2 3 20 4 19 18,9,2026-10-01 18:49
2026-05-05 21:00,8 17 2 11 16 13 15 3 1,9,2026-10-01 18:50
2026-05-05 22:00,12 16 8 2 15 3 17 11 13,9,2026-10-01 18:51
2026-05-05 23:00,6 8 7 20 13 5 16 2 3,9,2026-10-01 18:53
2026-05-06 07:00,2 10 6 20 1 11 8 17 4,9,2026-10-02 06:58
2026-05-06 08:00,20 5 2 3 13 8 11 14 12,9,2026-10-02 06:58
2026-05-06 09:00,2 8 11 4 16 3 7 10 5,9,2026-10-02 06:59
2026-05-06 10:00,2 15 5 19 1 8 20 16 13,9,2026-10-02 07:00
2026-05-06 11:00,13 8 15 20 10 17 2 3 5,9,2026-10-02 07:00
2026-05-06 12:00,7 3 19 5 12 8 2 18 13,9,2026-10-02 07:01
2026-05-06 13:00,2 8 6 3 5 10 15 14 11,9,2026-10-02 07:02
2026-05-06 14:00,2 3 5 11 15 19 6 17 16,9,2026-10-02 07:03
2026-05-06 15:00,2 14 11 6 18 20 13 17 16,9,2026-10-02 07:03
2026-05-06 16:00,13 8 2 5 3 15 20 14 7,9,2026-10-02 07:04
2026-05-06 17:00,2 13 1 10 14 20 17 5 11,9,2026-10-02 07:05
2026-05-06 18:00,20 7 18 13 16 8 17 12 3,9,2026-10-02 07:05
2026-05-06 19:00,20 13 8 2 3 15 7 6 5,9,2026-10-02 07:06
2026-05-06 20:00,3 8 13 6 7 20 1 18 2,9,2026-10-02 07:07
2026-05-06 21:00,19 18 2 14 12 11 3 17 13,9,2026-10-02 07:07
2026-05-06 22:00,17 18 8 5 2 20 13 3 19,9,2026-10-02 07:08
2026-05-06 23:00,5 11 2 8 15 13 19 3 6,9,2026-10-02 07:09
2026-05-07 07:00,7 18 8 5 1 10 15 20 19,9,2026-10-02 07:10
2026-05-07 08:00,20 13 15 2 8 19 4 3 14,9,2026-10-02 07:10
2026-05-07 09:00,11 8 5 2 15 19 10 7 13,9,2026-10-02 07:13
2026-05-07 10:00,20 19 15 14 11 2 3 13 17,9,2026-10-02 07:14
2026-05-07 11:00,20 8 13 6 14 2 18 11 19,9,2026-10-02 07:15
2026-05-07 12:00,11 17 13 15 14 3 5 2 7,9,2026-10-02 07:15
2026-05-07 13:00,20 3 10 4 2 1 19 6 8,9,2026-10-02 07:16
2026-05-07 14:00,6 18 19 20 3 15 5 16 17,9,2026-10-02 07:17
2026-05-07 15:00,18 20 8 6 7 5 13 19 15,9,2026-10-02 07:18
2026-05-07 16:00,8 13 6 2 17 11 20 12 19,9,2026-10-02 07:18
2026-05-07 17:00,2 7 18 11 13 14 1 20 3,9,2026-10-02 07:20
2026-05-07 18:00,19 3 15 17 13 8 11 5 4,9,2026-10-02 07:21
2026-05-07 19:00,11 5 17 2 13 14 10 6 7,9,2026-10-02 07:22
2026-05-07 20:00,19 15 17 13 1 8 5 11 2,9,2026-10-02 07:24
2026-05-07 21:00,16 2 5 8 14 11 15 17 19,9,2026-10-02 07:25
2026-05-07 22:00,17 12 11 8 13 15 2 19 3,9,2026-10-02 07:26
2026-05-07 23:00,13 3 2 5 11 10 8 17 20,9,2026-10-02 07:27
2026-05-08 07:00,5 15 1 2 13 11 7 8 6,9,2026-10-02 07:29
2026-05-08 08:00,5 16 20 2 8 11 13 17 12,9,2026-10-02 07:31
2026-09-28 07:00,11 18 20 6 15 5 7 17 8,9,2026-10-02 07:44
2026-09-28 08:00,14 20 11 15 3 7 13 8 5,9,2026-10-02 07:46
2026-09-28 09:00,2 9 16 11 5 10 8 3 18,9,2026-10-02 07:47
2026-09-28 10:00,9 2 18 14 11 5 13 20 16,9,2026-10-02 07:48
2026-09-28 11:00,13 8 3 15 20 5 7 14 10,9,2026-10-02 07:49
2026-09-28 12:00,5 9 13 14 7 3 8 2 6,9,2026-10-02 07:50
2026-09-28 13:00,3 19 13 7 2 18 11 8 4,9,2026-10-02 07:50
2026-09-28 14:00,15 17 5 11 6 18 3 20 8,9,2026-10-02 07:51
2026-09-28 15:00,18 9 3 6 19 2 15 11 16,9,2026-10-02 07:52
2026-09-28 16:00,13 2 11 5 10 8 6 16 4,9,2026-10-02 07:53
2026-09-28 17:00,11 15 20 13 8 7 17 1 2,9,2026-10-02 07:55
2026-09-28 18:00,20 13 3 4 16 17 11 6 2,9,2026-10-02 07:56
2026-09-28 19:00,11 18 13 7 6 8 2 15 5,9,2026-10-02 07:57
2026-09-28 20:00,3 8 17 18 20 19 6 13 1,9,2026-10-02 07:58
2026-09-28 21:00,19 16 2 6 14 17 7 5 8,9,2026-10-02 07:59
2026-09-28 22:00,18 3 15 14 6 16 10 8 13,9,2026-10-02 08:00
2026-09-28 23:00,2 6 13 20 3 5 11 7 4,9,2026-10-02 08:01
2026-09-29 07:00,18 11 7 2 5 20 15 6 13,9,2026-10-02 08:02
2026-09-29 08:00,16 6 18 8 20 2 17 11 19,9,2026-10-02 08:03
2026-09-29 09:00,4 8 13 18 9 5 15 2 7,9,2026-10-02 08:03
2026-09-29 10:00,14 13 11 2 20 15 3 8 5,9,2026-10-02 08:04
2026-09-29 11:00,18 13 11 7 10 8 2 19 3,9,2026-10-02 08:05
2026-09-29 12:00,13 8 2 7 14 15 5 3 6,9,2026-10-02 08:05
2026-09-29 13:00,3 11 8 5 7 15 13 2 14,9,2026-10-02 08:06
2026-09-29 14:00,5 9 17 20 2 15 16 18 3,9,2026-10-02 08:07
2026-09-29 15:00,18 13 15 4 2 8 11 7 6,9,2026-10-02 08:07
2026-09-29 16:00,6 2 19 7 17 11 5 16 4,9,2026-10-02 08:09
2026-09-29 17:00,11 10 14 5 13 7 20 18 15,9,2026-10-02 08:09
2026-09-29 18:00,17 3 18 11 20 4 8 13 15,9,2026-10-02 08:10
2026-09-29 19:00,13 11 14 18 15 17 6 3 5,9,2026-10-02 08:13
2026-09-29 20:00,6 13 11 8 18 3 20 1 7,9,2026-10-02 08:15
2026-09-29 21:00,19 18 14 7 8 2 6 13 17,9,2026-10-02 08:15
2026-09-29 22:00,18 8 13 3 20 2 19 11 4,9,2026-10-02 08:17
2026-09-29 23:00,13 3 20 8 18 5 14 7 15,9,2026-10-02 08:18
2026-09-30 07:00,11 17 18 3 20 2 4 13 5,9,2026-10-02 08:19
2026-09-30 08:00,3 13 15 10 14 9 6 18 16,9,2026-10-02 08:21
2026-09-30 09:00,8 11 2 4 13 5 16 15 7,9,2026-10-02 08:22
2026-09-30 10:00,11 18 13 2 3 20 4 8 15,9,2026-10-02 08:23
2026-09-30 11:00,6 13 3 20 14 18 16 15 10,9,2026-10-02 08:24
2026-09-30 12:00,9 13 2 17 8 19 14 3 15,9,2026-10-02 08:25
2026-09-30 13:00,3 13 9 2 16 14 5 20 17,9,2026-10-02 08:26
2026-09-30 14:00,15 11 17 8 13 18 2 3 6,9,2026-10-02 08:27
2026-09-30 15:00,18 13 3 15 14 7 20 8 19,9,2026-10-02 08:28
2026-09-30 16:00,11 13 17 18 8 3 5 6 16,9,2026-10-02 08:28
2026-09-30 17:00,13 11 18 3 15 2 7 8 19,9,2026-10-02 08:30
2026-09-30 18:00,13 7 20 17 8 6 3 2 18,9,2026-10-02 08:30
2026-09-30 19:00,14 11 13 18 8 2 6 7 20,9,2026-10-02 08:31
2026-09-30 20:00,13 8 3 20 11 10 18 2 6,9,2026-10-02 08:32
2026-09-30 21:00,19 3 15 13 4 17 8 11 14,9,2026-10-02 08:33
2026-09-30 22:00,18 8 3 17 5 19 9 2 4,9,2026-10-02 08:34
2026-09-30 23:00,20 14 8 13 5 11 3 10 18,9,2026-10-02 08:35
2026-10-01 07:00,18 9 6 20 2 5 11 8 15,9,2026-10-02 08:38
2026-10-01 08:00,20 13 15 11 3 5 2 14 8,9,2026-10-02 08:39
2026-10-01 09:00,18 8 2 11 9 16 7 5 19,9,2026-10-02 08:39
2026-10-01 10:00,11 14 20 18 9 13 10 15 17,9,2026-10-02 08:40
2026-10-01 11:00,14 3 13 8 7 20 5 15 11,9,2026-10-02 08:46
2026-10-01 12:00,3 7 13 18 9 8 5 6 11,9,2026-10-02 08:50
2026-10-01 13:00,3 9 8 6 2 5 11 10 15,9,2026-10-02 08:50
2026-10-01 14:00,3 11 9 15 2 6 8 13 5,9,2026-10-02 08:55
2026-10-01 15:00,3 18 19 11 9 8 2 6 10,9,2026-10-02 08:56
2026-10-01 16:00,13 2 11 10 6 4 5 8 16,9,2026-10-02 08:56
2026-10-01 17:00,13 2 11 5 15 7 17 1 8,9,2026-10-02 08:57
2026-10-01 18:00,3 13 18 20 10 11 5 17 15,9,2026-10-02 08:58
2026-10-01 19:00,11 2 5 9 15 8 13 14 6,9,2026-10-02 08:59
2026-10-01 20:00,8 3 13 6 18 20 11 1 17,9,2026-10-02 09:01
2026-10-01 21:00,18 2 16 5 6 11 3 8 9,9,2026-10-02 09:02
2026-10-01 22:00,9 18 8 16 3 7 13 2 14,9,2026-10-02 09:02
2026-10-01 23:00,13 9 11 18 6 5 2 4 3,9,2026-10-02 09:04
2026-10-02 07:00,11 20 2 5 15 7 3 18 13,9,2026-10-02 09:06
2026-10-02 08:00,13 3 8 15 6 2 11 14 5,9,2026-10-02 09:07
2026-10-02 09:00,8 2 7 18 11 10 4 5 3,9,2026-10-02 09:08
2026-10-02 10:00,18 3 20 11 8 17 14 5 1,9,2026-10-02 09:09
2026-10-02 11:00,13 3 20 11 16 2 15 18 6,9,2026-10-02 09:10
2026-10-02 12:00,2 15 18 7 5 8 3 9 14,9,2026-10-02 09:11
2026-10-02 13:00,3 13 10 11 18 15 14 20 6,9,2026-10-02 10:15
2026-10-02 14:00,9 11 13 6 8 20 15 18 5,9,2026-10-02 11:43
2026-10-02 15:00,18 14 13 9 8 15 11 4 7,9,2026-10-02 14:54
2026-10-02 16:00,11 13 6 18 8 17 16 12 15,9,2026-10-02 14:56
2026-10-02 17:00,11 7 2 15 17 13 20 1 14,9,2026-10-02 14:57
2026-10-02 18:00,17 18 15 11 13 20 8 5 4,9,2026-10-02 18:49
2026-10-02 19:00,11 2 6 13 8 18 17 5 7,9,2026-10-02 18:50
2026-10-02 20:00,18 13 3 6 8 11 15 1 17,9,2026-10-02 18:51
2026-10-02 21:00,13 6 18 3 19 11 8 15 5,9,2026-10-02 18:53
2026-10-02 22:00,11 2 8 9 16 18 10 13 14,9,2026-10-05 12:37
2026-10-02 23:00,18 3 7 13 20 8 15 6 17,9,2026-10-05 12:38
2026-10-03 07:00,16 7 11 17 6 9 8 20 18,9,2026-10-05 12:39
2026-10-03 08:00,11 7 1 20 18 13 2 3 17,9,2026-10-05 12:40
2026-10-03 09:00,8 11 2 16 13 4 18 5 17,9,2026-10-05 12:42
2026-10-03 10:00,11 13 18 2 6 14 9 8 20,9,2026-10-05 12:43
2026-10-03 11:00,18 13 11 20 3 19 14 16 2,9,2026-10-05 12:44
2026-10-03 12:00,13 7 11 18 2 5 17 19 9,9,2026-10-05 12:50
2026-10-03 13:00,3 13 10 15 18 6 2 9 14,9,2026-10-05 12:51
2026-10-03 14:00,16 15 17 20 9 5 2 11 18,9,2026-10-05 12:53
2026-10-03 15:00,18 9 2 13 20 5 14 11 15,9,2026-10-05 12:54
2026-10-03 16:00,6 18 8 11 2 5 10 13 19,9,2026-10-05 12:55
2026-10-03 17:00,13 11 15 4 3 6 2 1 14,9,2026-10-05 12:55
2026-10-03 18:00,11 3 17 2 14 6 20 10 4,9,2026-10-05 12:56
2026-10-03 19:00,6 15 11 8 7 18 3 17 2,9,2026-10-05 12:57
2026-10-03 20:00,2 13 15 8 6 3 20 5 1,9,2026-10-05 12:59
2026-10-03 21:00,2 11 8 15 5 13 17 16 7,9,2026-10-05 13:00
2026-10-03 22:00,9 18 16 2 5 13 11 20 8,9,2026-10-05 13:01
2026-10-03 23:00,13 8 5 3 20 15 11 7 2,9,2026-10-05 13:05
2026-10-04 07:00,2 7 14 18 11 6 5 19 20,9,2026-10-05 13:06
2026-10-04 08:00,5 10 11 14 20 18 3 7 15,9,2026-10-05 13:07
2026-10-04 09:00,11 7 2 8 6 3 1 18 15,9,2026-10-05 13:08
2026-10-04 10:00,18 7 9 11 8 14 13 15 2,9,2026-10-05 13:10
2026-10-04 11:00,3 6 8 14 11 2 16 20 7,9,2026-10-05 13:11
2026-10-04 12:00,2 16 9 11 8 3 14 7 6,9,2026-10-05 13:15
2026-10-04 13:00,3 20 11 13 2 4 8 5 6,9,2026-10-05 13:16
2026-10-04 14:00,2 11 17 15 8 13 5 6 16,9,2026-10-05 13:17
2026-10-04 15:00,9 16 6 11 8 18 3 7 2,9,2026-10-05 13:18
2026-10-04 16:00,13 11 8 15 5 17 6 3 2,9,2026-10-05 13:19
2026-10-04 17:00,18 1 11 15 6 17 7 8 19,9,2026-10-05 13:22
2026-10-04 18:00,18 16 8 11 3 9 6 2 20,9,2026-10-05 13:22
2026-10-04 19:00,11 13 15 6 8 2 9 7 17,9,2026-10-05 13:27
2026-10-04 20:00,8 3 19 6 11 18 9 20 2,9,2026-10-06 14:10
2026-10-04 21:00,6 8 16 18 15 13 14 11 3,9,2026-10-06 14:11
2026-10-04 22:00,18 11 8 2 17 13 6 9 16,9,2026-10-06 14:12
2026-10-04 23:00,13 18 11 7 8 20 16 9 2,9,2026-10-06 14:13
2026-10-05 07:00,11 9 16 2 13 15 12 14 1,9,2026-10-06 14:14
2026-10-05 08:00,11 16 3 5 2 8 6 20 18,9,2026-10-06 14:15
2026-10-05 09:00,2 16 11 8 9 18 20 10 4,9,2026-10-06 14:15
2026-10-05 10:00,11 3 15 18 20 13 14 7 1,9,2026-10-06 14:16
2026-10-05 11:00,6 18 8 13 16 2 3 20 14,9,2026-10-06 14:17
2026-10-05 12:00,2 9 16 17 14 13 18 15 11,9,2026-10-06 14:19
2026-10-05 13:00,3 13 6 2 16 11 18 14 15,9,2026-10-06 14:19
2026-10-05 14:00,6 13 20 3 15 5 11 18 16,9,2026-10-06 14:20
2026-10-05 15:00,18 7 16 19 13 9 15 11 6,9,2026-10-06 14:21
2026-10-05 16:00,8 18 6 2 12 13 11 14 16,9,2026-10-06 14:21
2026-10-05 17:00,2 13 16 11 9 1 14 17 15,9,2026-10-06 14:22
2026-10-05 18:00,2 18 9 20 17 16 11 5 15,9,2026-10-06 14:24
2026-10-05 19:00,2 8 11 6 18 16 15 10 9,9,2026-10-06 14:24
2026-10-05 20:00,2 3 6 8 13 11 19 16 9,9,2026-10-06 14:25
2026-10-05 21:00,8 16 11 2 3 6 19 10 9,9,2026-10-06 14:26
2026-10-05 22:00,18 8 2 3 14 19 11 9 7,9,2026-10-06 14:27
2026-10-05 23:00,13 11 20 2 3 6 18 8 12,9,2026-10-06 14:27
2026-10-06 07:00,7 18 2 11 20 14 8 16 6,9,2026-10-06 14:28
2026-10-06 08:00,16 3 14 6 15 18 10 13 2,9,2026-10-06 14:29
2026-10-06 09:00,2 11 18 3 8 16 13 4 7,9,2026-10-06 14:30
2026-10-06 10:00,18 14 2 6 15 16 3 13 11,9,2026-10-06 14:30
2026-10-06 11:00,18 14 13 10 3 2 15 11 16,9,2026-10-06 14:31
2026-10-06 12:00,19 7 2 15 3 18 11 13 8,9,2026-10-06 14:32
2026-10-06 13:00,6 3 11 16 13 18 7 1 20,9,2026-10-06 14:32
2026-10-06 14:00,9 11 2 15 18 16 6 8 7,9,2026-10-06 14:33
2026-10-06 15:00,13 18 15 4 2 20 8 19 11,9,2026-10-06 14:34
2026-10-06 16:00,8 13 6 11 18 3 2 15 7,9,2026-10-06 14:35
2026-10-06 17:00,8 7 2 11 13 1 18 15 6,9,2026-10-06 14:35
2026-10-06 18:00,17 8 20 14 2 11 3 13 18,9,2026-10-07 14:04
2026-10-06 19:00,18 13 11 2 8 5 16 9 7,9,2026-10-07 14:05
2026-10-06 20:00,8 13 6 2 3 11 20 15 18,9,2026-10-07 14:05
2026-10-06 21:00,8 11 5 18 15 6 13 7 16,9,2026-10-07 14:06
2026-10-06 22:00,14 8 11 20 7 2 15 18 3,9,2026-10-07 14:07
2026-10-06 23:00,2 13 8 3 18 20 6 11 5,9,2026-10-07 14:08
2026-10-07 07:00,2 16 11 9 20 14 18 1 15,9,2026-10-07 14:25
2026-10-07 08:00,18 15 14 13 19 16 2 11 20,9,2026-10-07 14:26
2026-10-07 09:00,16 2 11 3 8 4 13 17 12,9,2026-10-07 14:26
2026-10-07 10:00,18 15 3 17 11 7 8 20 13,9,2026-10-07 14:27
2026-10-07 11:00,6 16 3 20 13 7 18 19 11,9,2026-10-07 14:28
2026-10-07 12:00,18 5 2 3 11 13 19 8 7,9,2026-10-07 14:29
2026-10-07 13:00,14 20 3 8 10 4 13 5 6,9,2026-10-07 14:31
2026-10-07 14:00,15 11 7 6 8 2 1 5 3,9,2026-10-07 14:31
2026-10-07 15:00,18 13 2 15 14 3 6 11 4,9,2026-10-07 14:32
2026-10-07 16:00,6 2 11 16 13 5 7 10 19,9,2026-10-07 14:33
2026-10-07 17:00,2 17 20 13 16 5 18 9 4,9,2026-10-07 14:34
2026-10-07 18:00,17 8 18 11 3 2 15 6 4,9,2026-10-08 11:43
2026-10-07 19:00,11 15 16 13 2 6 8 12 3,9,2026-10-08 12:33
2026-10-07 20:00,8 7 11 2 3 15 19 5 6,9,2026-10-08 12:34
2026-10-07 21:00,8 17 18 1 3 6 11 19 5,9,2026-10-08 12:35
2026-10-07 22:00,8 16 18 9 2 11 3 10 6,9,2026-10-08 12:36
2026-10-07 23:00,13 3 20 8 11 2 5 7 15,9,2026-10-08 12:37
2026-10-08 07:00,2 11 10 13 20 14 1 7 17,9,2026-10-08 12:38
2026-10-08 08:00,13 3 5 11 2 8 14 15 20,9,2026-10-08 12:39
2026-10-08 09:00,2 11 10 8 13 16 14 18 3,9,2026-10-08 12:40
2026-10-08 10:00,11 13 3 18 2 8 14 10 20,9,2026-10-08 12:41
2026-10-08 11:00,13 6 20 11 18 8 2 16 3,9,2026-10-08 12:42
2026-10-08 12:00,2 8 11 16 3 18 13 17 15,9,2026-10-08 12:43
2026-10-08 13:00,3 16 13 11 15 2 6 8 12,9,2026-10-08 12:44
2026-10-08 14:00,11 16 3 2 8 6 9 15 5,9,2026-10-08 12:45
2026-10-08 15:00,18 19 9 7 15 8 13 2 6,9,2026-10-08 12:46
2026-10-08 16:00,11 6 16 15 18 3 17 13 14,9,2026-10-08 13:36
2026-10-08 19:00,8 11 7 6 18 14 13 20 15,9,2026-10-08 19:32
2026-10-08 21:00,8 15 2 18 6 11 7 3 13,9,2026-10-08 21:34
2026-10-08 22:00,18 11 8 2 16 9 14 3 6,9,2026-10-09 02:32
2026-10-08 23:00,13 2 8 11 20 18 14 6 3,9,2026-10-09 02:32
2026-10-09 07:00,11 7 20 14 8 15 1 6 18,9,2026-10-09 02:32
2026-10-09 08:00,13 3 2 8 20 11 14 5 15,9,2026-10-09 13:23
2026-10-09 09:00,8 11 2 16 18 3 9 6 10,9,2026-10-09 13:23
2026-10-09 10:00,11 18 17 13 16 2 6 20 14,9,2026-10-09 13:23
2026-10-09 11:00,6 11 13 16 3 18 8 14 20,9,2026-10-09 13:23
2026-10-09 12:00,8 18 2 7 11 16 19 13 6,9,2026-10-09 13:23
2026-10-09 13:00,3 18 2 16 8 6 13 7 4,9,2026-10-09 13:24
2026-10-09 14:00,15 11 8 7 5 18 3 2 16,9,2026-10-09 14:26
2026-10-09 15:00,11 18 15 20 14 8 3 7 13,9,2026-10-09 15:20
